Eulogy Belgian Tavern	136 Chestnut Street
Standard Tap	901 N 2nd Street
Bainbridge Street Barrel House	625-27 S. 6th Street
Cavanaugh's Rittenhouse	1823 Sansom Street
12 Steps Down	831 Christian Street
13 Restaurant	1201 Market Street
1518 Bar and Grill	1518 Sansom Street
2nd Story Brewing	117 Chestnut Street
2nd Street Brew House	1700 S 2nd Street
700, The	700 N 2nd Street
a.bar	135 S 18th Street
Abbaye	637 N. 3rd Street
Abe Fisher	1623 Sansom Street
Adobe Cafe - South Philly	1919 E. Passyunk Avenue
Aki	1210 Walnut Street
Alla Spina	1410 Mount Vernon Street
Alma de Cuba	1623 Walnut Street
Amada	217 Chestnut Street
American Sardine Bar	1800 Federal Street
Aqua	705 Chestnut Street
Atlantis	2442 Frankford Avenue
B Side Lounge	241 Chestnut Street
Baby Blues BBQ	3402 Sansom Street
Baggataway Tavern	31 N. Front Street
Balcony at the Doubletree	237 S. Broad Street
Bank & Bourbon	1200 Market Street
Bar Hygge	1720 Spring Garden Avenue
Bar Philadelphia	1309 Sansom Street
Bar-Ly	101 N. 11th Street
Barbuzzo	110 S. 13th Street
Barcade	1114 Frankford Avenue
Barclay Prime	237 S. 18th Street
Bards, The	2013 Walnut Street
Barra	239 Chestnut Street
Barra Rossa	929 Walnut Street
Bayou Bar and Grill	4245 Main Street
Bierstube	206 Market Street
Birra	1700 E. Passyunk Avenue
Bishop's Collar	2349 Fairmount Avenue
Black Sheep	247 S. 17th Street
Blind Pig, The	702 N. 2nd Street
Bonners Irish Public	120 S 23rd Street
Bottle Bar East	1308 Frankford Avenue
Bourbon Blue	Number 2 Rector Street
Brauhaus Schmitz	718 South Street
Bridget Foy's	200 South Street
Bridgid's	726 N 24th St
Brittingham's	640 E. Germantown Pike
Brownies Irish Pub	46 S 2nd Street
BRU Craft & Wurst	1318 Chestnut Street
Buffalo Billiards	118 Chestnut St
Byrnes Tavern	3301 Richmond St
Cactus	4243 Main Street
Cafe at 2011	2011 Walnut St
Cambridge, The	1508 South Street
Cantina Dos Segundos	931 N. 2nd Street
Cantina Feliz	424 S. Bethleham Pike
Cantina Los Caballitos	1651 East Passyunk Avenue
Caribou Cafe	1126 Walnut St
Carol's Place	201 West 6th Avenue
Cavanaugh's Headhouse Square	421 S 2nd Street
Cavanaugh's University City	119 S. 39th Street
Cedar Point Bar & Kitchen	2370 E. Norris Street
Chap's Taproom & Sports Grill	2509 West Main Street
Charlie was a sinner.	131 South 13th Street
Chart House	555 S. Columbus Boulevard
Cheu Noodle Bar	255 S 10th Street
Chickie's and Pete's Crab House and Sports Bar	1526 Packer Avenue
Chima Brazilian Steakhouse	1901 JFK Blvd
Chris' Jazz Cafe	1421 Sansom Street
City Tap House	3925 Walnut Street
CJ & Ecks	384 Shurs Lane
Con Murphy's	1700 Benjamin Franklin Parkway
Continental Midtown	1801 Chestnut Street
Continental Old City	138 Market Street
Cook and Shaker	2301 E. Albert Street
Cooperage Wine & Whiskey Bar	601 Walnut Street
Copabanana South Street	344 South Street
Copabanana University City	4000 Spruce Street
Couch Tomato, The	102 Rector Street
Crime & Punishment Brewing Company	2711 W Girard Avenue
Cuba Libre	10 S 2nd Street
Curran's Irish Inn	6900 State Road
Dandelion	124 18th St
Dave & Buster's	325 N Columbus Blvd
Davio's Northern Italian Steakhouse	111 S 17th Street
Dawson Street Pub	100 Dawson Street
Devil's Alley	1907 Chestnut Street
Devil's Den	1148-1150 S. 11th Street
Devon Seafood Grill	225 S. 18th Street
Dirty Frank's	347 South 13th Street
Dive	947 E. Passyunk Avenue
Dock Street Brewing Company	701 South 50th Street
Doobies	2201 Lombard Street
Draught Horse	1431 Cecil B Moore Ave
Drinker's Pub	1903 Chestnut Street
Druid's Keep	149 Brown Street
Earth - Bread + Brewery	7136 Germantown Avenue
El Bar	1356 N. Front Street
El Camino Real	1040 N 2nd St
El Rey	2013 Chestnut St
Fado Irish Pub	1500 Locust Street
Fare	2028 Fairmount Avenue
Fette Sau	1208 Frankford Avenue
Field House	1150 Filbert Street
Fingers Wings and Other Things	107 W Ridge Pike
Finn McCool's Ale House	118 S 12th Street
Flanigan's Boathouse Conshohocken	113 Fayette Street
Fluke's Irish Pub	7401 State Road
For Pete's Sake Pub	900 South Front Street
Fountain Porter	1601 S. 10th Street
Fox & Hound Tavern	1501 Spruce Street
Garage	1231-1233 E Passyunk Ave
Garces Trading Company	1111 Locust Street
Goat's Beard, The	4201 Main Street
Good Dog Bar	224 S 15th Street
Grape Room	105 Grape Street
Harvest Seasonal Grill	200 S 40th Street
Hop Sing Laundromat	1029 Race St
ICandy	254 12th Street
IndeBlue	205 13th Street
Industry, The	1401 East Moyamensing Avenue
Institute, The	549 N. 12th St
Interstate Drafthouse	1235 E. Palmer St
Irish Pol	114 Market Street
Irish Pub 12th St	1123 Walnut Street
Irish Pub 20th St	2007 Walnut Street
Irish Times	629 S. 2nd St
Iron Abbey Gastropub	680 N. Easton Road
Iron Hill	8400 Germantown Avenue
J.D. McGillicuddy's Manayunk	111 Cotton Street
Jake's & Cooper's Wine Bar	4367 Main Street
Jamonera	105 South 13th Street
Jerry's Bar	129 Laurel Street
Jet Wine Bar	1525 South Street
JG Domestic	2929 Arch Street
JJ Bootleggers	35 S. 2nd Street
John Henry's Pub	98 Cricket Avenue
Johnny Brendas	1201 N. Frankford Avenue
Johnny Mananas	4201 Ridge Avenue
Jon's Bar and Grille	606 S 3rd Street
Jose Pistolas	263 S 15th St
Kelliann's Bar and Grill	1549 Spring Garden
Kelly's Taproom	1107 W. Lancaster Avenue
Khyber Pass Pub	56 S. Second Street
Kildare's Irish Pub	4417 Main Street
Kite & Key	1836 Callowhill Street
Kraftwork	541 E. Girard Avenue
La Calaca Feliz	2321 Fairmount Avenue
La Fourno	636 South Street
Ladder Fifteen	1528 Sansom Street
Landmark Americana	3333 Market Street
Las Bugambilias	148 South Street
LaScala's	615 Chestnut St
Liberty Bar	2204 Market Street
Liquid Room	1361 N. 2nd Street
Little Lion	243 Chestnut Street
Local 44	4333 Spruce Street
Locust Rendezvous	1415 Locust Street
London Grill	2301 Fairmount Avenue
Lucha Cartel	207 Chestnut Street
Lucky 13 Pub	1820 S. 13th Street
Lucky Strike Lanes	1336 Chestnut Street
Mac's Tavern	226 Market Street
Mad Mex	3401 Walnut Street
Maggie's Waterfront Cafe	9242 N. Delaware Avenue
Manayunk Brewery	4120 Main Street
Manayunk Tavern	4247 Main Street
Manny Brown's	512 South Street
Martha	2113 E York Street
McCrossen's Tavern	529 N. 20th Street
McGillin's Olde Ale House	1310 Drury Street; 19107
Memphis Taproom	2331 E. Cumberland Street
Milkboy	1100 Chestnut St
Misconduct Tavern	1511 Locust Street
Mix Pizzeria & Bar	2101 Chestnut Street
Mixto	1141 Pine Street
Moriarty's	1116 Walnut Street
National Mechanics	22 S 3rd Street
New Deck Tavern	3408 Sansom St; 19104
New Wave Cafe	784 S 3rd St
Nick's Bar & Grill - Old City	16 S. 2nd Street
Nomad Roman	1305 Locust Street
O'Neals Pub	611 S 3rd Street
Ocean Prime	124 S. 15th Street
Oh	1907 Sansom Street
Old Eagle Tavern	177 Markle Street
Opa	1311 Sansom St
Ortlieb's Lounge	847 N 3rd Street
Out of Wack Jack's	3156 Willits Road
Oyster House	1516 Sansom Street
P.Y.T.	1050 N. Hancock Street
Paddy Whack's Irish Sports Pub NE	9241 Roosevelt Blvd
Paddy Whacks	150 South Street
Pagano's Market and Bar	2001 Market Street
Panorama	14 N Front Street
Pattaya Grill	4006 Chestnut Street
Percy Street Barbeque	900 South Street
Pinocchio's	131 E Baltimore Pike
Pod	3636 Sansom Street
Positano Coast	212 Walnut Street
Prime Stache	110 Chestnut Street
Prohibition Taproom	501 N 13th Street
Pub & Kitchen	1946 Lombard Street
Pub on Passyunk East	1501 Passyunk Avenue
Queen of Sheba	4511 Baltimore Avenue
R2L	50 South 16th Street
Raw Lounge	1225 Sansom Street
Red Owl Tavern	433 Chestnut Street
Rembrandt's Restaurant & Pub	741 N 23rd Street
Revolution House	200 Market Street
Rex 1516	1516 South Street
ROOT Restaurant + Wine Bar	1206 Frankford Avenue
Rotten Ralph's	201 Chestnut Street
Royal Tavern	937 E Passyunk Avenue
Saint Lazarus Bar	102 W Girard Avenue
Sampan	124 S 13th
Sassafras	48 S 2nd Street
Seafood Unlimited	270 South 20th Street
Shenanigans Original	3133 Gaul St.
Shenanigans Saloon	1624 N. Front St.
Sidecar Bar	2201 Christian Street
Silk City	N 5th Street & Spring Garden Street
Slainte Pub & Grill	3000 Market St; 19104
Slate	102 S 21st St
Smiths Restaurant & Lounge	39-41 S 19th Street
Smokey Joe's	210 South 40th Street
Smokin' Betty's	116 S. 11th Street
South Philly Tap Room	1509 Mifflin Street
Southwark	701 S. 4th St.
Square 1682	121 South 17th Street
St. Stephen's Green	1701 Green St
Stateside	1536 E. Passyunk Avenue
Sto's Bar	236 Market Street
Stogie Joe's Tavern	1802 East Passyunk Avenue
Strangelove's	216 S. 11th Street
SuGa	1720 Sansom Street
T. Hogans	5109 Rochelle Avenue
Tabu Lounge & Sports Bar	200 S 12th Street
Taproom on 19th	2400 S. 19th Street
Tattooed Mom	530 South Street
Tavern on Broad	200 S. Broad Street
Tavern on Camac	243 S Camac Street
Tavern on the Hill	8636 Germantown Avenue
Tavola Restaurant + Bar	400 W Sproul Road
Tequilas Restaurant	1602 Locust St
Teresa's Next Door	126 North Wayne Avenue
The Franklin Bar	112 S. 18th Street
The Grog Grill	863 West Lancaster Avenue
The Olde Bar	125 Walnut Street
The Plough & the Stars	123 Chestnut Street
Time	1315 Sansom Street
Tinto	114 S. 20th Street
Tir Na Nog	1600 Arch Street; 19103
Tria Washington Square West	1137 Spruce Street
Twenty Manning Grill	261 S 20th St
Twisted Tail, The	509-511 S. 2nd Street
Union Transfer	1026 Spring Garden Street
Urban Farmer	1850 Benjamin Franklin Parkway
Urban Saloon	2120 Fairmount Avenue
Valanni	1229 Spruce Street
Vango Lounge and Skybar	116 S 18th Street
Varga Bar	941 Spruce St
Vedge	1221 Locust Street
Vesper	223 South Sydenham Street
Victoria Freehouse, The	10 S. Front Street
Vintage Wine Bar and Bistro	129 S 13th Street
Watkin's Drinkery	1712 S 10th Street
Westy's	1440 Callowhill Street
White Dog Cafe	3420 Sansom Street
Winnie's Le Bus	4266 Main Street
Woody's Bar	202 S 13th Street; 19107
Woolly Mammoth	430 South Street
World Cafe Live	3025 Walnut Street
Wrap Shack	120 S 18th Street
Xochitl	408 South 2nd Street
Yakitori Boy	211 N. 11th Street
Zahav	237 St. James Place
Zavino	112 S 13th Street
Zavino- University City	3200 Chestnut Street
M Restaurant at The Morris House	231 S. 8th Street
1 Tippling Place	2006 Chestnut Street
Boot & Saddle	1131 S. Broad Street
Campbell's Place	8337 Germantown Avenue
Coeur	824 South 8th Street
Drinker's Tavern	124 Market Street
Era	2743 Poplar Street
FARMiCiA	15 South 3rd Street
Fergie's Pub	1214 Sansom Street
Frankford Hall	1210 Frankford Avenue
Green Rock Tavern	2546 E. Lehigh Avenue
Hawthorne's Biercafe	738 S. 11th Street
Kensington Quarters	1310 Frankford Avenue
Mad River Manayunk	4100 Main Street
New Delhi	4004 Chestnut Street
Pub Webb	1527 Cecil B Moore Avenue
South	600 N. Broad Street
Southgate	1801 Lombard Street
Supper	926 South Street
Dolphin Tavern, The	1539 South Broad Street
Grey Lodge Pub	6235 Frankford Avenue
HeadHouse	122 Lombard St
Helium Comedy Club	2031 Sansom Street
Howl At The Moon	258 S. 15th Street
Monkey Bar	301 Chestnut Street
Neuf Restaurant	943 South 9th Street
North Bowl	909 N. 2nd St
Serrano	20 S. 2nd Street
Sky Garten	1717 Arch Street
Stratus Rooftop Lounge	433 Chestnut Street
Trestle Inn, The	339 N 11th St
